{
    "3966654": [
      "生与死的双色，于短册中决下定数！\n连接召唤！揭示吧，Link-3！\n花札卫-赤青短-！"
    ],
    "9334206": [
      "星与光与天堂的梦，聚集无尽的勇气捍卫自身！\n连接召唤！高唱吧，Link-3！\n德莱姆的挑战者！"
    ],
    "11223431": [
      "在星光的交织下，燃烧出最华丽的炽炎吧！\n融合召唤，升华吧！\n恒斗神-烈爪！"
    ],
    "11223433": [
      "集聚而成的光芒啊，成为审判的火焰吧！\n同调召唤，降临吧，邪斗神-逆牙！"
    ],
    "11223434": [
      "出现吧，以吾之意志显身！\n继承火焰的挚热，向世人复仇！\n超量召唤！暗斗神-灵角！"
    ],
    "11223435": [
      "慈爱的守护神啊！请您守护这片大地，让万物重新散发生机勃勃！\n我们未来的希望，连接召唤！\n夜斗神-古心恒!"
    ],
    "17020010": [
      "看啊，那来自天空最高处的伟大之风正在席卷世界！\n融合召唤！出现吧！\n樱火装机神 彼岸樱·九天！"
    ],
    "17156603": [
      "红日坠下地平之时，冥府的足步将踏响黄昏，行向那禁忌之路吧！\n黑暗同调！\n导引吧，缚灵游 倒杖！"
    ],
    "17156605": [
      "银月高挂枝头之时，冥府的细雨将濡湿大地，溺于那泥泞之海吧！\n黑暗同调！\n倾覆吧，缚灵行 幽伞！"
    ],
    "17156607": [
      "群星铺设天空之时，冥府的气息将抚摸世间，坠入那无光之梦吧！\n黑暗同调！\n升华吧，缚灵梦 星鹿！"
    ],
    "17156610": [
      "黑暗流转世间之时，冥府的钟刻将触离时空，倾听那永恒之声吧！\n黑暗同调！\n注视吧，缚灵溯 时旅！"
    ],  
    "21520081": [
      "轮回的咒语将引领奇迹，成为希望的纽带吧！\n同调召唤，回转咒术师！"
    ], 
    "21520082": [
      "凝聚的法术跨过空间的障壁，成为前进的道路吧！\n现身吧，空间感应者！"
    ],
    "21520083": [
      "凝聚的法术穿越时间的隔阂，化作守护的桥梁吧！\n现身吧，时间观望者！"
    ],
    "21520084": [
      "极地莲花数千年，一尘不染无等闲。今朝绽放化形时，寒气冲天显威严。\n同调召唤，雪莲女王！" ,
      "生于寒地之莲花，吸收日月之精华，终究渡劫而化形，现今应呼而降临！\n同调召唤，雪莲女王！"
    ],
    "21520085": [
      "同胞的战意凝聚成形，化作战场的领导者，以必胜的信念征讨吾敌！\n同调召唤，玄翼战影！"
    ],
    "21520087": [
      "水火交融融一体，阴阳相生生两极。\n混沌调和瞬息间，命运突破笑苍天！\n降临，灵动君王！"
    ],
    "21520088": [
      "皇图霸业今朝至，江山多娇本心赤。\n一片混沌入世来，裁决天下不平事！\n降临，霸业皇者！"
    ],
    "21520093": [
      "冰冷的气息化作坚硬的护盾，抹灭世间的幻法吧！\n同调召唤，冰封吧，极寒灵龙！"
    ],
    "21520094": [
      "掌握不变的真理，以绝对零度冰封动荡的世界！\n苏醒吧，永恒玄冰龙！"
    ],
    "21520198": [
      "汇聚的川流将化作推进的动力，征服无尽的大浪吧！\n急流勇进！\nLevel 8，急流精怪-叠浪体！"
    ],
    "21520199": [
      "汇聚的川流将化作前进的源泉，征服险峻的高山吧！\n急流勇进！\nLevel 10，急流精怪-瀑布体！"
    ],
    "21520200": [
      "汇聚的川流将化作不动的核心，征服凶猛的海洋吧！\n急流勇进！\nLevel max，急流精怪-漩涡体！"
    ],
    "23330016": [
      "风暴之前，是最黑暗的乌云降临之时! \n残霞的光辉正在缓缓隐去，展现你风暴般的力量将敌人粉身碎骨吧！\n超量召唤！阶级8！残霞伪神 伊诺奎!"
    ],  
    "23330017": [
      "残霞既隐，暗夜将出！\n伴随着黑暗无边的力量扫平所有的障碍吧! \n超量召唤！阶级8! 残霞神 浮影纳格!"
    ],  
    "23330020": [
      "至高无上的帝者!伴随你的子民的牺牲征战四方，万灵都将臣服于你的脚下! \n融合召唤！等级8! 残霞帝 集!"
    ],  
    "23330026": [
      "贯穿天际的残霞，流落于时空的倒影啊!\n承载同伴的意志，将你最后的余辉撒向世间，让这个世界复归于真正的起源! \n连接召唤! 连接6! 残霞之影 余辉神 洛舍曼谛!"
    ],  
    "23330027": [
      "命运的时钟开始摆动，残霞的光辉缓缓洒落。灵魂的悸动下，跨越界限的终端终将启动! \n连接召唤！连接3! 残霞灵 终端!"
    ],  
    "23330028": [
      "黄昏寂静，落辉无声！\n残霞之光下倒映着的，才是真实之影！\n连接召唤！连接4！残霞之影 落辉神 影璃！"
    ],  
    "23330033": [
      "幽冷而又苍凉的月光，孤寂而又肃杀的冰芒! \n暗夜已至，真影降临!\n同调召唤！等级13！残霞之影 月辉神 影月！"
    ],  
    "24562459": [
      "百目的螺旋啊，展现在反逆的旋涡中进化毒触与利爪吧！\n击飞你的理性！融合召唤！上了！猛毒性 马陆！"
    ],
    "24562462": [
      "匿藏于表侧的恶兽啊，用你引以为傲的螯夹涣散常理吧！\n连接召唤！上了！猛毒性 厉蝎！"
    ], 
    "24762458": [
      "猎食踏入牢网的愚者的猎手啊，自反逆的旋涡中蜕变，见识下毒的极意吧！\n融合召唤！猛毒性 毒丝！"
    ],
    "24762460": [
      "潜影的恐惧化身啊，交错冥界与现世，穿梭黑暗降临吧！\n连接召唤！猛毒性 交翼！"
    ],   
    "33541430": [
      "花开于风中，鸟舞于月下，杯见于人间！\n同调召唤！\n花札卫-月花见-！"
    ],
    "35300004": [
      "当光明笼罩之时，汇集人们的黑暗力量，开始召唤黑暗的王者！\n降临吧，天魔魔君-维克托斯！"
    ],
    "35300005": [
      "虚伪的光明照耀世界时，我将我的灵魂献给你，撕破那可憎的光明！\n降临吧，伟大的天魔之王-马洛格斯！\n重现你那王者姿态！"
    ],
    "35606858": [
      "黑与白的君王，借那命运带来统治的荣耀！\n连接召唤！君临吧，Link-2！\n长世国王恶魔！"
    ],
    "43330010": [
      "超凡脱俗的声音在你的耳边回响……"
    ],
    "43330011": [
      "厄运即将到来……"
    ],
    "43330012": [
      "你失去了理智……"
    ],
    "43330013": [
      "你被剧烈的疼痛所压垮……"
    ],
    "43330014": [
      "无法逃离的毁灭正在降临……\n以月为冠的领主将怒火释放……\n暗淡的天穹将最后的光辉收起……\n直面克苏鲁最终的恐惧！\n苏醒吧……泰拉魔神 月球领主！"
    ],
    "43330022": [
      "诅咒万物之火！\n贯穿万界之光！\n承受这来自不可名状之神的罪业焚烧吧！\n苏醒吧！link2，泰拉魔物 新王·机械双子邪眼！"
    ],
    "43330031": [
      "丛林变得躁动不安……\n世纪的分界线划破荫庇……\n接受大自然的反击吧！\n苏醒吧！链接4，泰拉魔物 世纪之花！"
    ],
    "46644678": [
      "曼妙的风啊，于那自由的大洋翩然起舞吧！\n连接召唤！畅游吧，Link-3！\n虚空海姬 梅尔爱儿！"
    ], 
    "52145422": [
      "遮掩隐藏的时日已然远去，以流动的巨翼在天穹盘旋吧！\n同调召唤！\n扬起吧，灰篮龙！"
    ],
    "54178659": [
      "从天穹的画布上滴落的无穷色彩，化作接通万物的桥梁矗立于此吧！\n连接召唤！光耀吧，Link-3！\n虹天气 彩虹！"
    ],
    "65000015": [
      "阴暗的阴寒的血啊，在地狱的深处游荡，响彻痛苦的赞歌吧！\n升阶超量变换！杀戮吧，阶级8！\n嗜血战士 RK8！"
    ],
    "65000018": [
      "炽烈的炽热的火啊，于天空的顶点盘旋，净化寒冷与黑暗吧！\n升阶超量变换！盛燃吧，阶级8！\n热情法师 RK8！"
    ],
    "65010007": [
      "怒吼吧！怒吼吧！怒吼吧！\n让这背弃了你的世界，如你一般哀嚎吧！\n归临吧！雾落世 紫喉！"
    ],
    "65010045": [
      "看透封闭世界的真实之眼啊，在那新生的太阳下开启新世界的大门吧！\n连接召唤！出现吧！\n连接3，幻梦迷境 麻奈！"
    ],
    "65010047": [
      "彷徨梦境深处的灵魂啊，在那无边的混沌之中投身极乐净土吧！\n连接召唤！出现吧！\n连接4，幻梦迷境领主 眠眠铃！"
    ],
    "65010054": [
      "持有偷天换日之名的魔术家啊，以疾风的名义在此降临吧！\n超量召唤！阶级8！\n出现吧！幻梦迷境术师 佳代！"
    ],
    "65010057": [
      "飘扬的大旗下聚集的英雄们的灵魂啊，在星辰大海的彼端创造崭新的未来吧！\n融合召唤！\n出现吧！幻梦迷境船长 格蕾丝！"
    ],
    "65011010": [
      "沉湎于时语的迷人，悲恸于时夜的坠人！\n于这温柔的水中浸没，走向那治愈的未来吧！\n融合召唤！升华吧，等级9，时终结 圣杯！"
    ],
    "65011011": [
      "幽禁于时塔的王女，行走于时线的王子！\n于这锋锐的风中相遇，走向那威严的玉座吧！\n融合召唤！威压吧，等级9，时终结 宝剑！"
    ],
    "65011012": [
      "迷茫于时流的行者，驻留于时间的愚者！\n于这厚严的土中携手，走向那胜利的彼岸吧！\n融合召唤！流幻吧，等级9，时终结 星币！"
    ],
    "65011013": [
      "囚闭于时咒的亡女，幽闭于时塔的圣女！\n于这热情的火中交叠，走向那开朗的世界吧！\n融合召唤！启封吧，等级9，时终结 权杖！"
    ],
    "65020009": [
      "横亘于过去之间的褪色的长廊，带着那古旧的色彩将念想连为一体吧！\n连接召唤！交错吧，Link-3！\n幻念的米空道！"
    ],
    "65020014": [
      "如今，于颤抖的寻求者身伴，腥风飘临！\n同调召唤！\n飞临吧！外身化形 食枭！"
    ],
    "65020015": [
      "如今，于零落的探索者身伴，金声擦响！\n同调召唤！\n斩落吧！外身化形 残刃！"
    ],
    "65020016": [
      "如今，于迷惘的调查者身伴，黑影纠缠！\n同调召唤！\n行走吧！外身化形 咒尾！"
    ],  
    "65020017": [
      "神圣而令人作呕的羽翼，从天际坠临！\n在这黑暗的锐光前抬起头颅吧！\n同调召唤！神谕吧，等级12！\n外身化形 天诫！"
    ],  
    "65030029": [
      "万物的，灵与肉的守护者啊！\n如今赞歌响起，为你走向深渊的勇气！\n超量召唤！来临吧，阶级5，牺牲的二重阴影！"
    ], 
    "65030030": [
      "躲藏在阴影之下的灵魂，将头颅昂起吧！\n展翅高飞的时刻已然来临！\n超量召唤！羽化吧，阶级5，醒觉的二重阴影！"
    ], 
    "65040007": [
      "最高的暗之神啊！\n将血肉与灵魂交还与你，让违逆你的尽皆崩毁吧！\n压碎世界吧！黯食偶像 希斯托所曼！"
    ],
    "65050004": [
      "以这向第四的源献上的契约，让那胜利在世间宣扬吧！\n仪式召唤，等级4！\n唤灵幻姬 茶！"
    ],
    "65050005": [
      "以这向中央的源献上的契约，让那美丽在世间传扬吧！\n仪式召唤，等级5！\n唤灵祈姬 菲莉！"
    ],
    "65050006": [
      "以这向第六的源献上的契约，让那严厉在世间威慑吧！\n仪式召唤，等级6！\n唤灵咒形 布拉！"
    ],
    "65050008": [
      "以这向第八的源献上的契约，让那智慧在世间赞颂吧！\n仪式召唤，等级8！\n唤灵缚形 霍克玛！"
    ],
    "65050010": [
      "以这向最高的源献上的契约，让那王冠在世间闪耀吧！\n仪式召唤！降诞吧，等级10！\n唤灵终形 瑟！"
    ],
    "65060010": [
      "万华交融，引导此世迷茫的探求！\n在真实的帷幕之前，稍微逃避亦无妨！\n连接召唤！Link-3，沉醉色 西洋镜！"
    ],
    "65060011": [
      "万华替错，轮转此世真实的路标！\n齿轮已然错动，命运即将揭晓！\n连接召唤！Link-3，机械色 西洋镜！"
    ],
    "65060012": [
      "万华流转，揭开此世终极的终幕！\n面对这毫无修饰的真实色彩吧！\n连接召唤！Link-4，绝望色 西洋镜！"
    ],
    "65080005": [
      "降诞于冰封山巅的巨兽，抬起高傲的头颅，以那森寒的冰尘封冻万物吧！\n超量召唤！\n咆哮吧，雪尘蜥龙！"
    ],
    "65080006": [
      "盘绕于莹雪塔尖的圣鸟，卷起华美的羽翼，以那冰寒的狂风笼罩千里吧！\n超量召唤！\n猛吹吧，雪暴璃羽！"
    ],
    "76774528": [
      "高傲的伟大灵魂啊！\n借这残破的身躯降临，摧毁万物吧！\n同调召唤！苏醒吧，废铁龙！"
    ] 
}